Característica,Importancia (Delta MSE)
Consumo Histórico,0.06415767932776362
Humedad,0.0006362914573401213
Temperatura,0.000320528750307858
Velocidad Viento,3.1269388273358345e-05
